algorithm,feature_1,feature_2,class_1_pos,class_2_neg,accuracy,final_train_mse,epochs_run,w1,w2,b,mean_1,mean_2,std_1,std_2,cm_tn,cm_fp,cm_fn,cm_tp
perceptron,gender,fin_length,A,B,1.0,0.0,2,1.2301533574825534e-05,-0.004166239532756771,0.0012586214463778242,0.0,200.33333333333334,0.983192080250175,15.842628850316759,20,0,0,20
perceptron,gender,beak_length,A,C,1.0,0.13333333333333333,100,0.003947332016580823,-0.007462005144429426,0.0012586214463778242,0.03333333333333333,43.67166666666667,0.9826268648655783,5.52054018089615,20,0,0,20
perceptron,beak_depth,fin_length,A,B,1.0,0.0,2,0.004205524024311308,-0.0037454339499425667,-0.0007413785536221759,16.75166666666666,200.33333333333334,2.2647657470230533,15.842628850316759,20,0,0,20
perceptron,body_mass,beak_depth,A,B,1.0,0.0,2,-0.0027675377719484856,0.004001541123107669,-0.0007413785536221759,4367.916666666667,16.75166666666666,840.2763888877411,2.2647657470230533,20,0,0,20
perceptron,gender,beak_depth,B,C,1.0,0.0,41,0.0038492501938047793,-0.01180069882149722,0.0012586214463778242,0.05,16.60333333333333,0.990370301116372,2.12422273366571,20,0,0,20
